{
	"class_name" : "PinholeCameraParameters",
	"extrinsic" : 
	[
		0.019779735439539835,
		0.0098965644102525906,
		-0.99975538011996501,
		0.0,
		-0.0084213958940839769,
		0.99991718506062455,
		0.0097315523752289079,
		0.0,
		0.99976889437366323,
		0.008226848321832585,
		0.019861440268838584,
		0.0,
		-7.5313101949734707,
		0.4428868732571194,
		287.11817918808492,
		1.0
	],
	"intrinsic" : 
	{
		"height" : 720,
		"intrinsic_matrix" : 
		[
			623.53829072479584,
			0.0,
			0.0,
			0.0,
			623.53829072479584,
			0.0,
			639.5,
			359.5,
			1.0
		],
		"width" : 1280
	},
	"version_major" : 1,
	"version_minor" : 0
}