{
	"class_name" : "PinholeCameraParameters",
	"extrinsic" : 
	[
		-0.93747771871985608,
		0.11922768235508707,
		0.32698667658491715,
		0.0,
		-0.041562356610675782,
		0.8944216963735595,
		-0.445289119077944,
		0.0,
		-0.34555476760823572,
		-0.43103896438312728,
		-0.83354502803792163,
		0.0,
		86.121662233975655,
		108.54409637502511,
		850.79646595375561,
		1.0
	],
	"intrinsic" : 
	{
		"height" : 720,
		"intrinsic_matrix" : 
		[
			623.53829072479584,
			0.0,
			0.0,
			0.0,
			623.53829072479584,
			0.0,
			639.5,
			359.5,
			1.0
		],
		"width" : 1280
	},
	"version_major" : 1,
	"version_minor" : 0
}